sleep_id,sleep_type,minutes_in_sleep_period,minutes_after_wake_up,minutes_to_fall_asleep,minutes_asleep,minutes_awake,minutes_longest_awakening,minutes_to_persistent_sleep,start_utc_offset,sleep_start,end_utc_offset,sleep_end,data_source,algorithm_version,sleep_created,sleep_last_updated
1054188031047379496,CLASSIC,90,0,0,90,0,0,0,-07:00,2026-06-12T20:55:30Z,-07:00,2026-06-12T22:25:30Z,DERIVED,sleep_session_v1,2026-06-12T22:28:08Z,2026-06-12T22:28:08Z
1059816718257472480,STAGES,516,0,0,347,169,0,0,-07:00,2026-05-21T07:25:00Z,-07:00,2026-05-21T16:01:00Z,DERIVED,sleep_session_v2,2026-05-21T08:03:08Z,2026-05-21T16:02:19Z
113337681721369888,STAGES,531,0,0,451,80,0,0,-07:00,2026-06-23T06:45:30Z,-07:00,2026-06-23T15:37:00Z,DERIVED,sleep_session_v1,2026-06-23T13:36:01Z,2026-06-23T15:47:39Z
1157642722227134984,STAGES,478,0,0,433,44,0,0,-07:00,2026-07-02T08:37:00Z,-07:00,2026-07-02T16:35:00Z,DERIVED,sleep_session_v2,2026-07-02T09:08:37Z,2026-07-02T16:43:44Z
1234253986876577456,CLASSIC,78,0,0,76,2,0,0,-07:00,2026-06-16T21:55:00Z,-07:00,2026-06-16T23:13:30Z,DERIVED,sleep_session_v1,2026-06-16T23:17:24Z,2026-06-16T23:17:25Z
1248724941013227440,STAGES,444,0,0,394,50,0,0,-07:00,2026-04-29T08:50:30Z,-07:00,2026-04-29T16:14:30Z,DERIVED,sleep_session_v1,2026-04-29T16:16:16Z,2026-04-29T16:16:17Z
1265549314476502960,STAGES,467,0,0,388,79,0,0,-07:00,2026-03-16T06:19:00Z,-07:00,2026-03-16T14:06:30Z,DERIVED,sleep_session_v1,2026-03-16T14:10:36Z,2026-03-16T14:10:37Z
1274778611074739976,CLASSIC,85,0,0,85,0,0,0,-07:00,2026-04-17T23:22:30Z,-07:00,2026-04-18T00:47:30Z,DERIVED,sleep_session_v1,2026-04-18T00:55:38Z,2026-04-18T00:55:38Z
1298927791429392504,STAGES,478,0,0,427,51,0,0,-07:00,2026-03-18T06:49:00Z,-07:00,2026-03-18T14:47:00Z,DERIVED,sleep_session_v2,2026-03-18T07:12:21Z,2026-03-18T18:50:32Z
1305826519233710640,STAGES,435,0,0,368,67,0,0,-07:00,2026-06-28T07:21:00Z,-07:00,2026-06-28T14:36:00Z,DERIVED,sleep_session_v2,2026-06-28T08:03:51Z,2026-06-28T14:40:03Z
1307995452258990008,STAGES,431,0,0,390,41,0,0,-08:00,2026-01-17T09:14:00Z,-08:00,2026-01-17T16:25:30Z,DERIVED,sleep_session_v1,2026-01-17T17:51:06Z,2026-01-17T17:51:07Z
1312721818469143656,STAGES,380,0,0,334,45,0,0,-07:00,2026-06-03T08:48:30Z,-07:00,2026-06-03T15:08:30Z,DERIVED,sleep_session_v1,2026-06-03T15:09:40Z,2026-06-03T15:09:40Z
1313854375617954160,STAGES,479,0,0,415,64,0,0,-07:00,2026-06-20T06:39:00Z,-07:00,2026-06-20T14:38:30Z,DERIVED,sleep_session_v1,2026-06-20T14:46:38Z,2026-06-20T14:46:39Z
1318187470334668288,STAGES,398,0,0,348,49,0,0,-08:00,2026-02-10T08:47:30Z,-08:00,2026-02-10T15:25:30Z,DERIVED,sleep_session_v1,2026-02-10T15:31:34Z,2026-02-10T15:31:34Z
1365568737270950000,STAGES,446,0,0,379,67,0,0,-07:00,2026-04-18T08:20:30Z,-07:00,2026-04-18T15:46:30Z,DERIVED,sleep_session_v1,2026-04-18T15:50:07Z,2026-04-18T15:50:07Z
1371882537636713080,CLASSIC,81,1,0,76,5,0,0,-07:00,2026-06-06T21:45:00Z,-07:00,2026-06-06T23:06:30Z,DERIVED,sleep_session_v1,2026-06-06T23:07:37Z,2026-06-06T23:07:38Z
142667744056691256,STAGES,58,0,0,36,22,0,0,-07:00,2026-06-04T21:40:00Z,-07:00,2026-06-04T22:38:00Z,DERIVED,sleep_session_v2,2026-06-04T22:16:29Z,2026-06-04T22:52:24Z
1495595100302394200,STAGES,270,0,0,208,61,0,0,-07:00,2026-04-23T05:58:00Z,-07:00,2026-04-23T10:28:00Z,DERIVED,sleep_session_v2,2026-04-23T07:36:14Z,2026-04-23T10:53:07Z
1518899828678194560,STAGES,395,0,0,350,45,0,0,-08:00,2026-02-12T09:21:30Z,-08:00,2026-02-12T15:56:30Z,DERIVED,sleep_session_v1,2026-02-12T16:00:55Z,2026-02-12T16:00:56Z
1537279939749309840,STAGES,498,0,0,415,83,0,0,-07:00,2026-05-11T07:56:30Z,-07:00,2026-05-11T16:14:30Z,DERIVED,sleep_session_v1,2026-05-11T13:44:18Z,2026-05-11T16:20:12Z
1547719127905140664,STAGES,458,0,0,425,32,0,0,-07:00,2026-05-07T07:47:00Z,-07:00,2026-05-07T15:25:00Z,DERIVED,sleep_session_v2,2026-05-07T08:26:10Z,2026-05-07T15:31:13Z
1589718895501957368,STAGES,406,0,0,331,75,0,0,-07:00,2026-04-13T06:36:30Z,-07:00,2026-04-13T13:22:30Z,DERIVED,sleep_session_v1,2026-04-13T13:24:12Z,2026-04-13T13:24:14Z
1609481982140023168,STAGES,66,0,0,54,12,0,0,-07:00,2026-06-03T22:30:00Z,-07:00,2026-06-03T23:36:00Z,DERIVED,sleep_session_v2,2026-06-03T22:59:24Z,2026-06-03T23:53:18Z
1626394532528627936,STAGES,79,0,0,68,10,0,0,-07:00,2026-06-06T21:47:00Z,-07:00,2026-06-06T23:06:00Z,DERIVED,sleep_session_v2,2026-06-06T22:05:39Z,2026-06-06T23:07:44Z
1635285647028500928,STAGES,71,0,0,49,21,0,0,-07:00,2026-04-03T20:34:00Z,-07:00,2026-04-03T21:45:00Z,DERIVED,sleep_session_v2,2026-04-03T21:26:43Z,2026-04-04T02:07:26Z
1667140136193350280,STAGES,327,0,0,264,63,0,0,-07:00,2026-05-02T07:04:00Z,-07:00,2026-05-02T12:31:00Z,DERIVED,sleep_session_v2,2026-05-02T07:32:23Z,2026-05-05T12:23:21Z
1673931557686866464,STAGES,473,0,0,419,54,0,0,-07:00,2026-03-17T06:33:00Z,-07:00,2026-03-17T14:26:00Z,DERIVED,sleep_session_v2,2026-03-17T07:06:11Z,2026-03-17T19:32:41Z
1716571018295263184,STAGES,518,0,0,368,149,0,0,-07:00,2026-06-24T05:56:00Z,-07:00,2026-06-24T14:34:00Z,DERIVED,sleep_session_v2,2026-06-24T06:43:53Z,2026-06-24T14:35:51Z
1717939259271800280,STAGES,123,0,0,101,21,0,0,-07:00,2026-05-07T20:36:00Z,-07:00,2026-05-07T22:39:00Z,DERIVED,sleep_session_v2,2026-05-07T21:19:25Z,2026-05-07T22:43:57Z
1733934614907444552,STAGES,299,0,0,233,66,0,0,-07:00,2026-06-05T06:18:30Z,-07:00,2026-06-05T11:17:30Z,DERIVED,sleep_session_v1,2026-06-05T11:20:44Z,2026-06-05T11:20:45Z
1739847985167758368,STAGES,608,0,0,426,181,0,0,-07:00,2026-04-24T05:50:30Z,-07:00,2026-04-24T15:58:30Z,DERIVED,sleep_session_v1,2026-04-24T13:35:09Z,2026-04-24T16:02:38Z
1786868398720887936,STAGES,417,0,0,367,50,0,0,-08:00,2026-02-17T08:46:00Z,-08:00,2026-02-17T15:43:30Z,DERIVED,sleep_session_v1,2026-02-17T15:48:06Z,2026-02-17T15:48:07Z
1792556501374190512,STAGES,444,0,0,415,28,0,0,-07:00,2026-03-15T07:55:00Z,-07:00,2026-03-15T15:19:00Z,DERIVED,sleep_session_v2,2026-03-15T08:20:49Z,2026-03-15T19:56:53Z
1796642161991989656,STAGES,301,0,0,252,49,0,0,-07:00,2026-04-23T12:15:00Z,-07:00,2026-04-23T17:16:00Z,DERIVED,sleep_session_v2,2026-04-23T13:11:55Z,2026-04-23T17:22:29Z
1797519804581641232,STAGES,515,0,0,386,128,0,0,-07:00,2026-05-13T07:27:30Z,-07:00,2026-05-13T16:02:30Z,DERIVED,sleep_session_v1,2026-05-13T13:50:49Z,2026-05-13T16:04:23Z
1816843571503946784,STAGES,459,0,0,405,53,0,0,-07:00,2026-05-20T06:25:30Z,-07:00,2026-05-20T14:04:30Z,DERIVED,sleep_session_v1,2026-05-20T14:08:36Z,2026-05-20T14:08:37Z
1920010408019421504,CLASSIC,126,0,0,115,11,0,0,-07:00,2026-05-25T20:12:00Z,-07:00,2026-05-25T22:18:30Z,DERIVED,sleep_session_v1,2026-05-25T22:19:13Z,2026-05-25T22:19:13Z
1926494783405799976,STAGES,476,0,0,429,47,0,0,-07:00,2026-04-02T06:31:30Z,-07:00,2026-04-02T14:27:30Z,DERIVED,sleep_session_v1,2026-04-02T14:31:08Z,2026-04-02T14:31:08Z
1984970546104618416,STAGES,515,0,0,443,71,0,0,-07:00,2026-04-15T07:20:00Z,-07:00,2026-04-15T15:55:00Z,DERIVED,sleep_session_v2,2026-04-15T07:54:23Z,2026-04-15T20:08:37Z
2018823291429321000,CLASSIC,77,0,0,72,5,0,0,-07:00,2026-06-14T19:12:00Z,-07:00,2026-06-14T20:29:30Z,DERIVED,sleep_session_v1,2026-06-14T20:32:38Z,2026-06-14T20:32:39Z
2064962473423671360,STAGES,545,0,0,458,87,0,0,-07:00,2026-06-13T07:14:00Z,-07:00,2026-06-13T16:19:30Z,DERIVED,sleep_session_v1,2026-06-13T13:59:37Z,2026-06-13T16:21:55Z
2075738755121002160,CLASSIC,35,0,0,35,0,0,0,-07:00,2026-06-19T22:10:00Z,-07:00,2026-06-19T22:45:00Z,DERIVED,sleep_session_v2,2026-06-20T02:30:17Z,2026-06-20T03:00:29Z
2093740043269038248,STAGES,465,0,0,416,48,0,0,-07:00,2026-04-04T07:42:30Z,-07:00,2026-04-04T15:27:30Z,DERIVED,sleep_session_v1,2026-04-04T15:32:46Z,2026-04-04T15:32:47Z
2094582369064765440,STAGES,375,1,0,338,37,0,0,-08:00,2026-02-22T08:20:00Z,-08:00,2026-02-22T14:35:30Z,DERIVED,sleep_session_v1,2026-02-22T14:36:38Z,2026-02-22T14:36:38Z
2147152304166509632,STAGES,550,0,0,445,105,0,0,-07:00,2026-05-19T07:12:00Z,-07:00,2026-05-19T16:22:30Z,DERIVED,sleep_session_v1,2026-05-19T14:35:44Z,2026-05-19T16:30:10Z
2148734257208352784,STAGES,506,0,0,414,91,0,0,-07:00,2026-05-29T06:47:00Z,-07:00,2026-05-29T15:13:00Z,DERIVED,sleep_session_v2,2026-05-29T07:20:38Z,2026-05-29T15:24:45Z
2185290014424547200,STAGES,459,0,0,314,144,0,0,+08:00,2026-01-23T15:41:30Z,+08:00,2026-01-23T23:20:30Z,DERIVED,sleep_session_v1,2026-01-23T23:23:04Z,2026-01-23T23:23:05Z
2226136806732840656,STAGES,514,0,0,411,102,0,0,-07:00,2026-05-13T07:29:00Z,-07:00,2026-05-13T16:03:00Z,DERIVED,sleep_session_v2,2026-05-13T08:01:59Z,2026-05-13T16:04:31Z
224532626206417320,STAGES,259,0,0,228,31,0,0,-05:00,2026-01-13T06:47:00Z,-05:00,2026-01-13T11:06:30Z,DERIVED,sleep_session_v1,2026-01-13T11:11:38Z,2026-01-13T11:11:39Z
2301693123686660736,STAGES,509,0,0,446,63,0,0,-07:00,2026-06-10T06:36:00Z,-07:00,2026-06-10T15:05:00Z,DERIVED,sleep_session_v2,2026-06-10T07:06:14Z,2026-06-10T17:07:03Z
236242006286170744,STAGES,457,0,0,429,28,0,0,-07:00,2026-04-04T07:51:00Z,-07:00,2026-04-04T15:28:00Z,DERIVED,sleep_session_v2,2026-04-04T08:26:57Z,2026-04-04T19:56:55Z
2413613110055604632,STAGES,499,0,0,439,59,0,0,-07:00,2026-04-05T06:38:30Z,-07:00,2026-04-05T14:57:30Z,DERIVED,sleep_session_v1,2026-04-05T15:02:00Z,2026-04-05T15:02:02Z
2414800064481533448,STAGES,465,0,0,435,29,0,0,-07:00,2026-03-27T07:46:00Z,-07:00,2026-03-27T15:31:00Z,DERIVED,sleep_session_v2,2026-03-27T08:27:18Z,2026-03-27T19:43:14Z
244548014611923304,STAGES,467,3,0,359,108,0,0,+08:00,2026-01-26T16:33:00Z,+08:00,2026-01-27T00:20:30Z,DERIVED,sleep_session_v1,2026-01-26T22:07:07Z,2026-01-27T00:24:06Z
2455529676642438016,STAGES,519,0,0,432,86,0,0,-07:00,2026-05-10T07:04:30Z,-07:00,2026-05-10T15:43:30Z,DERIVED,sleep_session_v1,2026-05-10T15:46:08Z,2026-05-10T15:46:09Z
2459527342429347136,STAGES,382,0,0,353,29,0,0,-07:00,2026-06-03T08:47:00Z,-07:00,2026-06-03T15:09:00Z,DERIVED,sleep_session_v2,2026-06-03T09:06:38Z,2026-06-03T15:09:49Z
2466972129856979360,STAGES,103,0,0,83,20,0,0,-07:00,2026-06-11T20:27:00Z,-07:00,2026-06-11T22:10:00Z,DERIVED,sleep_session_v2,2026-06-11T21:10:28Z,2026-06-11T22:12:48Z
2514063465418413616,STAGES,626,0,0,485,140,0,0,-07:00,2026-06-30T06:43:00Z,-07:00,2026-06-30T17:09:00Z,DERIVED,sleep_session_v2,2026-06-30T07:16:20Z,2026-06-30T17:13:41Z
2529788969135151384,STAGES,485,0,0,398,86,0,0,-07:00,2026-07-02T08:33:30Z,-07:00,2026-07-02T16:38:30Z,DERIVED,sleep_session_v1,2026-07-02T13:33:54Z,2026-07-02T16:43:37Z
2546735392082143272,STAGES,435,0,0,408,27,0,0,-07:00,2026-04-06T06:58:00Z,-07:00,2026-04-06T14:13:00Z,DERIVED,sleep_session_v2,2026-04-06T07:29:16Z,2026-04-06T18:20:47Z
2553966666957539360,CLASSIC,88,0,0,88,0,0,0,-07:00,2026-06-26T13:09:30Z,-07:00,2026-06-26T14:38:00Z,DERIVED,sleep_session_v1,2026-06-26T14:44:40Z,2026-06-26T14:44:42Z
2593804770719412712,STAGES,581,0,0,523,58,0,0,-07:00,2026-06-01T05:42:00Z,-07:00,2026-06-01T15:23:00Z,DERIVED,sleep_session_v2,2026-06-01T06:10:30Z,2026-06-01T15:33:15Z
2594914230907458256,STAGES,432,0,0,381,50,0,0,-07:00,2026-04-07T07:21:00Z,-07:00,2026-04-07T14:33:00Z,DERIVED,sleep_session_v2,2026-04-07T08:08:40Z,2026-04-07T18:27:11Z
2612012844325916448,STAGES,416,0,0,346,70,0,0,-08:00,2026-02-18T08:31:30Z,-08:00,2026-02-18T15:27:30Z,DERIVED,sleep_session_v1,2026-02-18T15:31:31Z,2026-02-18T15:31:32Z
2615889600377215200,STAGES,409,0,0,323,85,0,0,-07:00,2026-05-25T06:58:00Z,-07:00,2026-05-25T13:47:00Z,DERIVED,sleep_session_v2,2026-05-25T07:29:50Z,2026-05-25T13:57:50Z
2628741915447630032,STAGES,526,0,0,461,64,0,0,-07:00,2026-05-24T07:28:00Z,-07:00,2026-05-24T16:14:00Z,DERIVED,sleep_session_v2,2026-05-24T07:54:35Z,2026-05-24T16:15:32Z
2635161480846574792,STAGES,494,0,0,388,105,0,0,-07:00,2026-05-28T06:47:00Z,-07:00,2026-05-28T15:01:00Z,DERIVED,sleep_session_v2,2026-05-28T07:23:47Z,2026-05-28T15:21:49Z
2638779343581118256,STAGES,596,0,0,544,52,0,0,-07:00,2026-05-30T07:22:00Z,-07:00,2026-05-30T17:18:00Z,DERIVED,sleep_session_v2,2026-05-30T07:45:43Z,2026-05-30T17:36:32Z
2651389895521811576,STAGES,575,0,0,528,46,0,0,-07:00,2026-07-06T06:59:00Z,-07:00,2026-07-06T16:34:00Z,DERIVED,sleep_session_v2,2026-07-06T07:56:18Z,2026-07-06T16:36:12Z
2651425054936333784,CLASSIC,86,0,0,86,0,0,0,-07:00,2026-06-03T22:23:30Z,-07:00,2026-06-03T23:49:30Z,DERIVED,sleep_session_v1,2026-06-03T23:53:10Z,2026-06-03T23:53:11Z
2663056666598141136,STAGES,498,0,0,427,71,0,0,-07:00,2026-05-22T06:56:30Z,-07:00,2026-05-22T15:14:30Z,DERIVED,sleep_session_v1,2026-05-22T15:19:46Z,2026-05-22T15:19:47Z
2693885354363917520,STAGES,549,0,0,473,75,0,0,-07:00,2026-05-05T06:46:00Z,-07:00,2026-05-05T15:55:00Z,DERIVED,sleep_session_v2,2026-05-05T07:21:16Z,2026-05-05T15:58:29Z
2697021296146394160,CLASSIC,70,0,0,70,0,0,0,-07:00,2026-05-06T21:00:30Z,-07:00,2026-05-06T22:10:30Z,DERIVED,sleep_session_v1,2026-05-06T22:12:59Z,2026-05-06T22:13:00Z
2705565692565413920,STAGES,434,0,0,397,36,0,0,-07:00,2026-06-12T06:41:00Z,-07:00,2026-06-12T13:55:00Z,DERIVED,sleep_session_v2,2026-06-12T07:19:01Z,2026-06-12T14:01:50Z
2722142937507835696,STAGES,277,1,0,231,46,0,0,+08:00,2026-01-29T21:46:00Z,+08:00,2026-01-30T02:23:30Z,DERIVED,sleep_session_v1,2026-01-30T04:22:53Z,2026-01-30T04:22:54Z
2724590716417867032,STAGES,467,4,0,403,64,0,0,+08:00,2026-01-20T13:55:00Z,+08:00,2026-01-20T21:42:30Z,DERIVED,sleep_session_v1,2026-01-20T21:47:06Z,2026-01-20T21:47:07Z
2755827923497627952,STAGES,433,0,0,380,53,0,0,-07:00,2026-04-14T07:14:30Z,-07:00,2026-04-14T14:27:30Z,DERIVED,sleep_session_v1,2026-04-14T14:29:17Z,2026-04-14T14:29:18Z
2769924755969568312,CLASSIC,281,0,0,281,0,0,0,-04:00,2026-03-22T07:33:30Z,-04:00,2026-03-22T12:15:00Z,DERIVED,sleep_session_v1,2026-03-22T12:30:24Z,2026-03-22T12:30:25Z
2772979577205457464,CLASSIC,124,0,0,117,7,0,0,-07:00,2026-07-04T21:19:00Z,-07:00,2026-07-04T23:23:30Z,DERIVED,sleep_session_v1,2026-07-04T23:28:54Z,2026-07-04T23:28:54Z
2805406784882387256,STAGES,432,0,0,384,48,0,0,-07:00,2026-06-11T07:23:00Z,-07:00,2026-06-11T14:35:00Z,DERIVED,sleep_session_v2,2026-06-11T07:53:36Z,2026-06-11T14:50:18Z
2850709015203978672,STAGES,599,0,0,513,86,0,0,-07:00,2026-06-22T06:11:00Z,-07:00,2026-06-22T16:10:30Z,DERIVED,sleep_session_v1,2026-06-22T16:14:06Z,2026-06-22T16:14:07Z
2875104215249344304,STAGES,483,3,0,421,62,0,0,-07:00,2026-04-08T06:52:00Z,-07:00,2026-04-08T14:55:30Z,DERIVED,sleep_session_v1,2026-04-08T15:01:36Z,2026-04-08T15:01:37Z
293659168910727520,STAGES,469,0,0,368,101,0,0,-08:00,2026-02-27T07:29:00Z,-08:00,2026-02-27T15:18:30Z,DERIVED,sleep_session_v1,2026-02-27T15:20:42Z,2026-02-27T15:20:43Z
2954010307752551224,STAGES,469,0,0,399,70,0,0,-07:00,2026-05-27T06:41:00Z,-07:00,2026-05-27T14:30:30Z,DERIVED,sleep_session_v1,2026-05-27T14:34:03Z,2026-05-27T14:34:03Z
2980723510254781152,CLASSIC,121,0,0,121,0,0,0,-07:00,2026-05-07T20:37:30Z,-07:00,2026-05-07T22:38:30Z,DERIVED,sleep_session_v1,2026-05-07T22:43:50Z,2026-05-07T22:43:51Z
2998287287806428952,STAGES,427,0,0,358,69,0,0,-07:00,2026-03-13T07:32:00Z,-07:00,2026-03-13T14:39:00Z,DERIVED,sleep_session_v2,2026-03-13T08:23:28Z,2026-03-13T19:11:10Z
3024375449461423448,STAGES,422,0,0,399,23,0,0,-07:00,2026-04-16T06:53:00Z,-07:00,2026-04-16T13:55:00Z,DERIVED,sleep_session_v2,2026-04-16T07:15:46Z,2026-04-16T18:01:48Z
3034100337493913480,STAGES,64,0,0,46,18,0,0,-07:00,2026-06-12T20:55:00Z,-07:00,2026-06-12T21:59:00Z,DERIVED,sleep_session_v2,2026-06-12T21:40:51Z,2026-06-13T00:44:21Z
3072564798215994544,STAGES,26,0,0,16,10,0,0,-07:00,2026-04-01T18:53:00Z,-07:00,2026-04-01T19:19:00Z,DERIVED,sleep_session_v2,2026-04-01T19:17:43Z,2026-04-01T23:29:40Z
3177138958761317680,STAGES,634,0,0,505,129,0,0,-07:00,2026-06-30T06:43:00Z,-07:00,2026-06-30T17:17:30Z,DERIVED,sleep_session_v1,2026-06-30T15:24:38Z,2026-06-30T17:24:39Z
3184444355079534880,STAGES,438,0,0,379,59,0,0,-07:00,2026-03-25T07:13:00Z,-07:00,2026-03-25T14:31:30Z,DERIVED,sleep_session_v1,2026-03-25T14:32:21Z,2026-03-25T14:32:22Z
318941270565296472,STAGES,59,0,0,46,12,0,0,-07:00,2026-06-10T23:59:00Z,-07:00,2026-06-11T00:58:00Z,DERIVED,sleep_session_v2,2026-06-11T00:28:36Z,2026-06-11T01:06:45Z
3215724745275785680,STAGES,479,0,0,400,78,0,0,-07:00,2026-06-18T07:07:00Z,-07:00,2026-06-18T15:06:00Z,DERIVED,sleep_session_v2,2026-06-18T07:55:38Z,2026-06-18T15:28:57Z
32625772483106072,CLASSIC,102,0,0,102,0,0,0,-07:00,2026-05-11T20:29:30Z,-07:00,2026-05-11T22:11:30Z,DERIVED,sleep_session_v1,2026-05-11T22:14:12Z,2026-05-11T22:14:12Z
3268888430335299320,STAGES,89,0,0,70,19,0,0,-07:00,2026-07-02T22:11:00Z,-07:00,2026-07-02T23:40:00Z,DERIVED,sleep_session_v2,2026-07-02T22:50:14Z,2026-07-02T23:46:52Z
3293828926943522384,STAGES,73,0,0,17,55,0,0,-07:00,2026-04-01T21:05:00Z,-07:00,2026-04-01T22:18:00Z,DERIVED,sleep_session_v2,2026-04-02T01:30:22Z,2026-04-02T02:31:00Z
3328967377313230776,CLASSIC,106,0,0,106,0,0,0,-07:00,2026-04-06T01:35:30Z,-07:00,2026-04-06T03:21:30Z,DERIVED,sleep_session_v1,2026-04-06T03:34:21Z,2026-04-06T03:34:22Z
3333809992760539312,STAGES,454,0,0,418,35,0,0,-07:00,2026-07-07T07:16:00Z,-07:00,2026-07-07T14:50:00Z,DERIVED,sleep_session_v2,2026-07-07T08:08:15Z,2026-07-07T15:20:18Z
3342374843485998776,STAGES,464,0,0,413,51,0,0,-08:00,2026-02-07T08:07:00Z,-08:00,2026-02-07T15:51:30Z,DERIVED,sleep_session_v1,2026-02-07T15:56:03Z,2026-02-07T15:56:04Z
3428925607826023656,STAGES,521,0,0,453,68,0,0,-07:00,2026-05-18T06:47:00Z,-07:00,2026-05-18T15:28:30Z,DERIVED,sleep_session_v1,2026-05-18T13:24:15Z,2026-05-18T15:34:00Z
3435128953696743560,STAGES,38,0,0,24,14,0,0,-07:00,2026-04-10T19:58:00Z,-07:00,2026-04-10T20:36:00Z,DERIVED,sleep_session_v2,2026-04-10T20:17:13Z,2026-04-11T00:42:47Z
3438610635388775768,CLASSIC,87,0,0,87,0,0,0,-05:00,2026-01-13T15:12:30Z,-05:00,2026-01-13T16:39:30Z,DERIVED,sleep_session_v1,2026-01-13T19:48:42Z,2026-01-13T19:48:43Z
3492003330743686120,STAGES,508,0,0,393,114,0,0,-06:00,2026-04-28T06:41:30Z,-06:00,2026-04-28T15:09:30Z,DERIVED,sleep_session_v1,2026-04-28T15:11:53Z,2026-04-28T15:11:53Z
3492254982267759192,STAGES,434,0,0,404,30,0,0,-07:00,2026-04-14T07:14:00Z,-07:00,2026-04-14T14:28:00Z,DERIVED,sleep_session_v2,2026-04-14T07:48:27Z,2026-04-14T18:41:20Z
3522496134683733136,STAGES,235,0,0,181,54,0,0,+08:00,2026-01-27T17:26:00Z,+08:00,2026-01-27T21:21:30Z,DERIVED,sleep_session_v1,2026-01-27T21:24:08Z,2026-01-27T21:24:08Z
354273591647295640,STAGES,496,0,0,457,39,0,0,-07:00,2026-03-30T06:18:00Z,-07:00,2026-03-30T14:34:00Z,DERIVED,sleep_session_v2,2026-03-30T06:44:17Z,2026-03-30T18:36:03Z
3585444422782645480,STAGES,422,0,0,325,97,0,0,-07:00,2026-04-25T07:46:30Z,-07:00,2026-04-25T14:48:30Z,DERIVED,sleep_session_v1,2026-04-25T14:53:00Z,2026-04-25T14:53:01Z
36041218481579112,STAGES,394,0,0,364,30,0,0,-07:00,2026-05-03T07:09:00Z,-07:00,2026-05-03T13:43:30Z,DERIVED,sleep_session_v1,2026-05-03T13:45:31Z,2026-05-03T13:45:31Z
3646288021881534800,STAGES,506,0,0,449,56,0,0,-07:00,2026-05-22T07:00:00Z,-07:00,2026-05-22T15:26:00Z,DERIVED,sleep_session_v2,2026-05-22T07:24:50Z,2026-05-22T15:40:48Z
3655518206267657008,STAGES,490,0,0,425,64,0,0,-07:00,2026-05-16T06:57:00Z,-07:00,2026-05-16T15:07:00Z,DERIVED,sleep_session_v2,2026-05-16T07:32:46Z,2026-05-16T15:11:37Z
3662402044440360664,STAGES,342,0,0,305,36,0,0,+08:00,2026-01-24T16:38:30Z,+08:00,2026-01-24T22:20:30Z,DERIVED,sleep_session_v1,2026-01-24T22:26:09Z,2026-01-24T22:26:10Z
3678952873653946576,STAGES,531,0,0,481,49,0,0,-07:00,2026-04-11T06:27:30Z,-07:00,2026-04-11T15:18:30Z,DERIVED,sleep_session_v1,2026-04-11T15:20:15Z,2026-04-11T15:20:16Z
3693852240938029992,STAGES,551,0,0,421,130,0,0,-06:00,2026-04-27T05:50:30Z,-06:00,2026-04-27T15:01:30Z,DERIVED,sleep_session_v1,2026-04-27T15:04:40Z,2026-04-27T15:04:41Z
3754953496169870464,STAGES,46,0,0,11,34,0,0,-07:00,2026-05-08T21:24:00Z,-07:00,2026-05-08T22:10:00Z,DERIVED,sleep_session_v2,2026-05-08T22:07:40Z,2026-05-08T22:15:34Z
3790522332859536976,CLASSIC,61,0,0,54,7,0,0,-07:00,2026-06-30T21:34:00Z,-07:00,2026-06-30T22:35:30Z,DERIVED,sleep_session_v1,2026-06-30T22:41:17Z,2026-06-30T22:41:18Z
3803638915576447024,STAGES,455,0,0,394,60,0,0,-07:00,2026-07-03T07:20:30Z,-07:00,2026-07-03T14:55:30Z,DERIVED,sleep_session_v1,2026-07-03T15:00:17Z,2026-07-03T15:00:18Z
3841051098194877280,STAGES,465,0,0,420,44,0,0,-07:00,2026-04-17T07:29:00Z,-07:00,2026-04-17T15:14:00Z,DERIVED,sleep_session_v2,2026-04-17T08:20:27Z,2026-04-17T15:43:02Z
3842548899467238744,STAGES,333,0,0,249,83,0,0,-08:00,2026-02-19T06:52:00Z,-08:00,2026-02-19T12:25:00Z,DERIVED,sleep_session_v1,2026-02-19T12:52:02Z,2026-02-19T12:52:03Z
3880587772813579208,CLASSIC,425,0,0,425,0,0,0,-08:00,2026-01-07T09:47:30Z,-08:00,2026-01-07T16:52:30Z,DERIVED,sleep_session_v1,2026-01-07T13:40:09Z,2026-01-07T16:54:38Z
3900581970723870408,STAGES,419,0,0,390,29,0,0,-07:00,2026-04-18T08:43:00Z,-07:00,2026-04-18T15:42:00Z,DERIVED,sleep_session_v2,2026-04-18T09:01:31Z,2026-04-18T15:50:09Z
3978984502050905904,STAGES,59,0,0,49,9,0,0,-07:00,2026-05-06T21:12:00Z,-07:00,2026-05-06T22:11:00Z,DERIVED,sleep_session_v2,2026-05-06T21:39:51Z,2026-05-06T22:13:06Z
3981944972607162256,STAGES,554,0,0,478,75,0,0,-07:00,2026-05-18T06:50:00Z,-07:00,2026-05-18T16:04:00Z,DERIVED,sleep_session_v2,2026-05-18T07:12:44Z,2026-05-18T16:19:26Z
399322502381709144,STAGES,218,0,0,177,40,0,0,+08:00,2026-01-28T17:24:30Z,+08:00,2026-01-28T21:02:30Z,DERIVED,sleep_session_v1,2026-01-28T21:07:55Z,2026-01-28T21:07:56Z
4020821394346414496,STAGES,438,0,0,392,46,0,0,-07:00,2026-04-01T07:20:00Z,-07:00,2026-04-01T14:38:30Z,DERIVED,sleep_session_v1,2026-04-01T14:44:00Z,2026-04-01T14:44:01Z
4022694452961581904,STAGES,457,0,0,419,38,0,0,-07:00,2026-03-14T07:29:00Z,-07:00,2026-03-14T15:06:00Z,DERIVED,sleep_session_v2,2026-03-14T08:30:43Z,2026-03-14T19:10:29Z
4051960139701812312,STAGES,426,0,0,366,59,0,0,-07:00,2026-06-11T07:18:30Z,-07:00,2026-06-11T14:24:30Z,DERIVED,sleep_session_v1,2026-06-11T14:25:29Z,2026-06-11T14:25:31Z
4066593180455309736,STAGES,489,0,0,431,58,0,0,-07:00,2026-05-20T06:29:00Z,-07:00,2026-05-20T14:38:00Z,DERIVED,sleep_session_v2,2026-05-20T06:52:14Z,2026-05-20T14:49:49Z
4072502894917505024,STAGES,425,0,0,371,54,0,0,-08:00,2026-01-03T09:41:00Z,-08:00,2026-01-03T16:46:30Z,DERIVED,sleep_session_v1,2026-01-03T16:48:05Z,2026-01-03T16:48:06Z
4088656889937167464,STAGES,538,0,0,480,57,0,0,-07:00,2026-03-28T06:46:00Z,-07:00,2026-03-28T15:44:00Z,DERIVED,sleep_session_v2,2026-03-28T07:10:37Z,2026-03-28T15:48:32Z
4157779661139514288,STAGES,505,0,0,430,74,0,0,-07:00,2026-06-04T06:42:00Z,-07:00,2026-06-04T15:07:00Z,DERIVED,sleep_session_v2,2026-06-04T07:17:29Z,2026-06-04T15:32:47Z
4164185883838231480,STAGES,520,0,0,455,65,0,0,-07:00,2026-05-11T07:59:00Z,-07:00,2026-05-11T16:39:00Z,DERIVED,sleep_session_v2,2026-05-11T08:36:39Z,2026-05-11T16:50:35Z
4171710035008759664,STAGES,509,0,0,457,52,0,0,-07:00,2026-03-31T06:24:00Z,-07:00,2026-03-31T14:53:00Z,DERIVED,sleep_session_v2,2026-03-31T06:52:43Z,2026-03-31T20:42:29Z
4176997508627308032,CLASSIC,63,0,0,63,0,0,0,-07:00,2026-05-28T20:14:00Z,-07:00,2026-05-28T21:17:00Z,DERIVED,sleep_session_v2,2026-05-29T00:39:21Z,2026-05-29T02:18:12Z
4227767474760939504,CLASSIC,99,0,0,99,0,0,0,-07:00,2026-04-03T20:34:30Z,-07:00,2026-04-03T22:13:30Z,DERIVED,sleep_session_v1,2026-04-03T22:17:07Z,2026-04-03T22:17:07Z
4232747788370781880,STAGES,462,0,0,400,62,0,0,-07:00,2026-06-25T07:30:00Z,-07:00,2026-06-25T15:12:00Z,DERIVED,sleep_session_v2,2026-06-25T08:20:45Z,2026-06-25T15:31:45Z
4240104518391303312,STAGES,530,0,0,395,135,0,0,-07:00,2026-06-13T07:24:00Z,-07:00,2026-06-13T16:14:00Z,DERIVED,sleep_session_v2,2026-06-13T08:22:20Z,2026-06-13T16:22:02Z
4266114488635863704,STAGES,85,0,0,69,16,0,0,-07:00,2026-06-16T21:49:00Z,-07:00,2026-06-16T23:14:00Z,DERIVED,sleep_session_v2,2026-06-16T22:32:15Z,2026-06-16T23:17:31Z
4274719859046258632,STAGES,412,0,0,359,52,0,0,-07:00,2026-04-07T07:22:30Z,-07:00,2026-04-07T14:14:30Z,DERIVED,sleep_session_v1,2026-04-07T14:18:43Z,2026-04-07T14:18:43Z
4297725638511998480,STAGES,466,0,0,407,59,0,0,-07:00,2026-03-14T07:11:00Z,-07:00,2026-03-14T14:57:30Z,DERIVED,sleep_session_v1,2026-03-14T15:00:12Z,2026-03-14T15:00:13Z
432754376416726488,CLASSIC,66,0,0,65,1,0,0,-07:00,2026-06-10T23:57:00Z,-07:00,2026-06-11T01:03:30Z,DERIVED,sleep_session_v1,2026-06-11T01:06:37Z,2026-06-11T01:06:38Z
433873312356552448,STAGES,83,0,0,70,12,0,0,-07:00,2026-06-02T22:20:00Z,-07:00,2026-06-02T23:43:00Z,DERIVED,sleep_session_v2,2026-06-02T22:54:13Z,2026-06-02T23:46:16Z
4351126196109815920,STAGES,601,0,0,521,80,0,0,-07:00,2026-06-01T05:30:00Z,-07:00,2026-06-01T15:31:30Z,DERIVED,sleep_session_v1,2026-06-01T15:33:06Z,2026-06-01T15:33:07Z
4356608957229041752,STAGES,508,0,0,386,122,0,0,-08:00,2026-01-15T08:34:30Z,-08:00,2026-01-15T17:03:00Z,DERIVED,sleep_session_v1,2026-01-15T15:26:48Z,2026-01-15T17:09:38Z
4360492941744926856,STAGES,458,0,0,438,19,0,0,-07:00,2026-06-06T08:18:00Z,-07:00,2026-06-06T15:56:00Z,DERIVED,sleep_session_v2,2026-06-06T08:51:43Z,2026-06-06T16:21:17Z
4375233934914484664,STAGES,470,0,0,438,32,0,0,-07:00,2026-04-08T06:58:00Z,-07:00,2026-04-08T14:48:00Z,DERIVED,sleep_session_v2,2026-04-08T07:32:55Z,2026-04-08T18:52:45Z
4445031272337820952,STAGES,46,0,0,33,13,0,0,-07:00,2026-04-15T19:57:00Z,-07:00,2026-04-15T20:43:00Z,DERIVED,sleep_session_v2,2026-04-15T20:23:42Z,2026-04-16T00:56:36Z
4447522017681671112,STAGES,518,0,0,431,87,0,0,-07:00,2026-05-29T06:48:00Z,-07:00,2026-05-29T15:26:30Z,DERIVED,sleep_session_v1,2026-05-29T15:24:37Z,2026-05-29T15:28:17Z
4454417803022754976,STAGES,470,0,0,409,61,0,0,-07:00,2026-06-14T06:31:30Z,-07:00,2026-06-14T14:21:30Z,DERIVED,sleep_session_v1,2026-06-14T14:24:00Z,2026-06-14T14:24:01Z
4478433113608667096,STAGES,197,0,0,99,98,0,0,-08:00,2026-01-09T07:48:00Z,-08:00,2026-01-09T11:05:00Z,DERIVED,sleep_session_v1,2026-01-09T11:52:37Z,2026-01-09T11:52:37Z
4491645245301607208,STAGES,455,0,0,399,56,0,0,-08:00,2026-02-09T08:14:00Z,-08:00,2026-02-09T15:49:30Z,DERIVED,sleep_session_v1,2026-02-09T15:52:09Z,2026-02-09T15:52:10Z
449612304905885312,STAGES,461,0,0,416,45,0,0,-07:00,2026-03-15T07:46:30Z,-07:00,2026-03-15T15:27:30Z,DERIVED,sleep_session_v1,2026-03-15T15:59:40Z,2026-03-15T15:59:40Z
4533483427212753248,STAGES,419,0,0,358,61,0,0,-07:00,2026-03-13T07:28:30Z,-07:00,2026-03-13T14:27:30Z,DERIVED,sleep_session_v1,2026-03-13T14:32:07Z,2026-03-13T14:32:08Z
4565999902004577120,STAGES,488,0,0,391,97,0,0,-07:00,2026-05-26T07:10:00Z,-07:00,2026-05-26T15:18:30Z,DERIVED,sleep_session_v1,2026-05-26T15:22:18Z,2026-05-26T15:22:19Z
4573059276709496840,STAGES,530,0,0,423,107,0,0,-07:00,2026-05-23T07:22:30Z,-07:00,2026-05-23T16:12:30Z,DERIVED,sleep_session_v1,2026-05-23T10:26:13Z,2026-05-23T16:16:09Z
4662981260198702728,STAGES,395,0,0,376,19,0,0,-07:00,2026-05-03T07:09:00Z,-07:00,2026-05-03T13:44:00Z,DERIVED,sleep_session_v2,2026-05-03T07:39:33Z,2026-05-05T12:23:21Z
4689382699469758144,STAGES,529,0,0,493,36,0,0,-07:00,2026-04-09T06:29:00Z,-07:00,2026-04-09T15:18:00Z,DERIVED,sleep_session_v2,2026-04-09T06:52:56Z,2026-04-09T19:25:10Z
4689648416973263360,CLASSIC,398,0,0,392,6,0,0,-08:00,2026-02-04T09:12:00Z,-08:00,2026-02-04T15:50:00Z,DERIVED,sleep_session_v1,2026-02-04T16:02:09Z,2026-02-04T16:02:09Z
4697347130197935416,STAGES,600,0,0,436,164,0,0,-07:00,2026-04-24T05:50:00Z,-07:00,2026-04-24T15:50:00Z,DERIVED,sleep_session_v2,2026-04-24T06:56:05Z,2026-04-24T15:53:08Z
4704921093398476224,STAGES,562,0,0,507,54,0,0,-07:00,2026-06-27T06:18:00Z,-07:00,2026-06-27T15:40:00Z,DERIVED,sleep_session_v2,2026-06-27T15:56:50Z,2026-06-27T15:56:59Z
470996551540598464,STAGES,477,1,0,419,58,0,0,-07:00,2026-03-17T06:28:00Z,-07:00,2026-03-17T14:25:30Z,DERIVED,sleep_session_v1,2026-03-17T14:29:48Z,2026-03-17T14:29:50Z
4731256662568684976,CLASSIC,150,0,0,134,16,0,0,-08:00,2026-01-18T09:13:00Z,-08:00,2026-01-18T11:43:30Z,DERIVED,sleep_session_v1,2026-01-18T22:36:12Z,2026-01-18T22:36:13Z
4754929079747754104,CLASSIC,74,3,0,65,9,0,0,-07:00,2026-05-31T22:04:00Z,-07:00,2026-05-31T23:18:30Z,DERIVED,sleep_session_v1,2026-05-31T23:22:07Z,2026-05-31T23:22:07Z
4797803664385912640,STAGES,529,0,0,494,34,0,0,-07:00,2026-04-11T06:28:00Z,-07:00,2026-04-11T15:17:00Z,DERIVED,sleep_session_v2,2026-04-11T06:48:51Z,2026-04-11T19:32:59Z
4817088949322980288,STAGES,32,0,0,25,6,0,0,-07:00,2026-04-13T19:24:00Z,-07:00,2026-04-13T19:56:00Z,DERIVED,sleep_session_v2,2026-04-13T19:57:02Z,2026-04-14T00:09:39Z
4823256455159797744,STAGES,293,0,0,244,49,0,0,-07:00,2026-06-26T06:06:00Z,-07:00,2026-06-26T10:59:00Z,DERIVED,sleep_session_v1,2026-06-26T11:06:06Z,2026-06-26T11:06:07Z
485149781264792,STAGES,442,0,0,273,168,0,0,-07:00,2026-07-01T07:40:00Z,-07:00,2026-07-01T15:02:00Z,DERIVED,sleep_session_v2,2026-07-01T08:19:07Z,2026-07-01T15:04:13Z
485947231966951928,STAGES,425,0,0,391,34,0,0,-08:00,2026-02-05T08:33:30Z,-08:00,2026-02-05T15:38:30Z,DERIVED,sleep_session_v1,2026-02-05T15:40:52Z,2026-02-05T15:40:52Z
4915287305259990064,STAGES,36,0,0,20,15,0,0,-07:00,2026-06-23T23:12:00Z,-07:00,2026-06-23T23:48:00Z,DERIVED,sleep_session_v2,2026-06-24T03:16:47Z,2026-06-24T03:16:54Z
4920488198709203392,STAGES,551,0,0,435,115,0,0,-07:00,2026-05-24T07:26:30Z,-07:00,2026-05-24T16:37:30Z,DERIVED,sleep_session_v1,2026-05-24T14:46:21Z,2026-05-24T16:39:08Z
4928954687080629816,STAGES,437,0,0,407,30,0,0,-07:00,2026-04-29T08:58:00Z,-07:00,2026-04-29T16:15:00Z,DERIVED,sleep_session_v2,2026-04-29T09:23:09Z,2026-05-05T12:23:21Z
49320711520756784,STAGES,670,0,0,530,140,0,0,-07:00,2026-05-04T05:32:00Z,-07:00,2026-05-04T16:42:30Z,DERIVED,sleep_session_v1,2026-05-04T14:36:37Z,2026-05-04T16:44:11Z
4976326477318563368,STAGES,418,4,0,370,48,0,0,-05:00,2026-01-10T04:47:00Z,-05:00,2026-01-10T11:45:30Z,DERIVED,sleep_session_v1,2026-01-10T12:01:13Z,2026-01-10T12:01:14Z
5005819999033310240,STAGES,525,0,0,423,102,0,0,-07:00,2026-06-09T07:14:00Z,-07:00,2026-06-09T15:59:30Z,DERIVED,sleep_session_v1,2026-06-09T16:00:10Z,2026-06-09T16:04:09Z
5053874301543933144,STAGES,491,1,0,422,69,0,0,-07:00,2026-05-16T06:58:00Z,-07:00,2026-05-16T15:09:30Z,DERIVED,sleep_session_v1,2026-05-16T15:11:28Z,2026-05-16T15:11:29Z
5091796374206765728,STAGES,416,0,0,352,63,0,0,-07:00,2026-04-25T07:54:00Z,-07:00,2026-04-25T14:50:00Z,DERIVED,sleep_session_v2,2026-04-25T08:22:01Z,2026-04-25T15:03:46Z
5133000988199165848,STAGES,415,0,0,367,47,0,0,-07:00,2026-03-12T07:07:30Z,-07:00,2026-03-12T14:02:30Z,DERIVED,sleep_session_v1,2026-03-12T14:07:32Z,2026-03-12T14:07:33Z
5153445865841317728,STAGES,573,0,0,529,43,0,0,-07:00,2026-06-22T06:14:00Z,-07:00,2026-06-22T15:47:00Z,DERIVED,sleep_session_v2,2026-06-22T07:01:08Z,2026-06-22T16:04:57Z
5153880240146131264,CLASSIC,65,0,0,60,5,0,0,-07:00,2026-05-21T14:55:00Z,-07:00,2026-05-21T16:00:30Z,DERIVED,sleep_session_v1,2026-05-21T16:02:08Z,2026-05-21T16:02:09Z
5172413949387504208,STAGES,394,0,0,322,72,0,0,-08:00,2026-01-05T09:14:00Z,-08:00,2026-01-05T15:48:30Z,DERIVED,sleep_session_v1,2026-01-05T15:51:12Z,2026-01-05T15:51:12Z
5208043702833208232,STAGES,535,3,0,429,106,0,0,-08:00,2026-01-02T08:46:00Z,-08:00,2026-01-02T17:41:30Z,DERIVED,sleep_session_v1,2026-01-02T17:44:49Z,2026-01-02T17:44:49Z
5215171089992048504,CLASSIC,70,0,0,70,0,0,0,-07:00,2026-06-04T21:36:30Z,-07:00,2026-06-04T22:46:30Z,DERIVED,sleep_session_v1,2026-06-04T22:52:17Z,2026-06-04T22:52:18Z
5225576230960843864,CLASSIC,272,0,0,258,14,0,0,-04:00,2026-03-22T07:35:00Z,-04:00,2026-03-22T12:07:00Z,DERIVED,sleep_session_v2,2026-03-22T08:28:51Z,2026-03-22T16:15:09Z
5247279952994974296,STAGES,481,0,0,434,47,0,0,-07:00,2026-07-07T07:05:00Z,-07:00,2026-07-07T15:06:30Z,DERIVED,sleep_session_v1,2026-07-07T15:11:09Z,2026-07-07T15:11:11Z
5273204100295316864,STAGES,537,0,0,374,162,0,0,-07:00,2026-05-06T07:14:00Z,-07:00,2026-05-06T16:11:00Z,DERIVED,sleep_session_v2,2026-05-06T07:47:42Z,2026-05-06T16:36:01Z
5286159067040815992,STAGES,481,0,0,445,36,0,0,-07:00,2026-05-31T07:10:00Z,-07:00,2026-05-31T15:11:00Z,DERIVED,sleep_session_v2,2026-05-31T07:34:13Z,2026-05-31T15:36:48Z
530284532403228712,STAGES,506,0,0,455,51,0,0,-07:00,2026-07-05T07:59:00Z,-07:00,2026-07-05T16:25:00Z,DERIVED,sleep_session_v2,2026-07-05T08:41:32Z,2026-07-05T16:44:30Z
5336156112712933184,CLASSIC,60,0,0,60,0,0,0,+08:00,2026-01-29T18:12:30Z,+08:00,2026-01-29T19:13:00Z,DERIVED,sleep_session_v1,2026-01-30T04:22:53Z,2026-01-30T04:22:54Z
5366507316545741248,STAGES,496,0,0,421,75,0,0,-07:00,2026-06-07T07:33:00Z,-07:00,2026-06-07T15:49:00Z,DERIVED,sleep_session_v2,2026-06-07T08:09:53Z,2026-06-07T17:45:30Z
5394886496532550440,STAGES,502,0,0,408,93,0,0,-07:00,2026-06-10T06:36:30Z,-07:00,2026-06-10T14:58:30Z,DERIVED,sleep_session_v1,2026-06-10T15:02:07Z,2026-06-10T15:02:07Z
5435087456521226296,STAGES,483,0,0,417,66,0,0,-07:00,2026-06-06T08:13:00Z,-07:00,2026-06-06T16:16:30Z,DERIVED,sleep_session_v1,2026-06-06T16:21:08Z,2026-06-06T16:21:09Z
5456023335823793200,STAGES,546,0,0,418,128,0,0,-06:00,2026-04-27T05:49:00Z,-06:00,2026-04-27T14:55:00Z,DERIVED,sleep_session_v2,2026-04-27T06:18:15Z,2026-04-27T15:04:47Z
5489290121269342080,STAGES,534,0,0,411,122,0,0,-07:00,2026-05-19T07:13:00Z,-07:00,2026-05-19T16:07:00Z,DERIVED,sleep_session_v2,2026-05-19T07:42:42Z,2026-05-19T16:24:39Z
5548513719732279832,CLASSIC,65,0,0,65,0,0,0,-08:00,2026-01-14T22:57:00Z,-08:00,2026-01-15T00:02:30Z,DERIVED,sleep_session_v1,2026-01-15T00:04:40Z,2026-01-15T00:04:41Z
5555592460063031880,STAGES,375,0,0,258,117,0,0,-07:00,2026-07-01T07:41:00Z,-07:00,2026-07-01T13:56:30Z,DERIVED,sleep_session_v1,2026-07-01T13:58:58Z,2026-07-01T13:59:00Z
5568459551424384912,STAGES,593,0,0,477,116,0,0,-07:00,2026-06-17T06:25:00Z,-07:00,2026-06-17T16:18:00Z,DERIVED,sleep_session_v2,2026-06-17T07:26:33Z,2026-06-17T16:29:42Z
5577169677383193624,CLASSIC,75,0,0,70,5,0,0,-07:00,2026-05-23T21:49:00Z,-07:00,2026-05-23T23:04:30Z,DERIVED,sleep_session_v1,2026-05-23T23:09:59Z,2026-05-23T23:09:59Z
5581187272743491800,STAGES,502,0,0,410,92,0,0,-07:00,2026-05-15T06:48:00Z,-07:00,2026-05-15T15:10:00Z,DERIVED,sleep_session_v2,2026-05-15T07:18:12Z,2026-05-15T15:26:44Z
5624837168874480960,STAGES,456,2,0,406,50,0,0,-07:00,2026-05-09T08:30:00Z,-07:00,2026-05-09T16:06:30Z,DERIVED,sleep_session_v1,2026-05-09T16:10:03Z,2026-05-09T16:10:03Z
5680926080929082504,CLASSIC,83,0,0,83,0,0,0,-07:00,2026-06-02T22:19:30Z,-07:00,2026-06-02T23:42:30Z,DERIVED,sleep_session_v1,2026-06-02T23:46:09Z,2026-06-02T23:46:09Z
5726695692675239416,STAGES,52,0,0,45,7,0,0,-07:00,2026-04-17T23:23:00Z,-07:00,2026-04-18T00:15:00Z,DERIVED,sleep_session_v2,2026-04-17T23:56:06Z,2026-04-18T00:17:50Z
573101280074057040,CLASSIC,106,0,0,106,0,0,0,-07:00,2026-04-19T04:26:30Z,-07:00,2026-04-19T06:12:30Z,DERIVED,sleep_session_v1,2026-04-19T06:28:50Z,2026-04-19T06:28:50Z
574428200311592440,STAGES,583,0,0,495,88,0,0,-07:00,2026-04-10T05:55:30Z,-07:00,2026-04-10T15:38:30Z,DERIVED,sleep_session_v1,2026-04-10T14:00:23Z,2026-04-10T15:45:09Z
5823892842793838104,STAGES,404,0,0,319,85,0,0,-08:00,2026-01-06T08:26:30Z,-08:00,2026-01-06T15:10:30Z,DERIVED,sleep_session_v1,2026-01-06T15:13:27Z,2026-01-06T15:13:28Z
5875194627990483056,CLASSIC,82,0,0,81,1,0,0,-07:00,2026-07-02T22:18:00Z,-07:00,2026-07-02T23:40:00Z,DERIVED,sleep_session_v1,2026-07-02T23:46:46Z,2026-07-02T23:46:46Z
5897969657587285648,STAGES,426,0,0,373,53,0,0,-08:00,2026-01-08T09:18:00Z,-08:00,2026-01-08T16:24:30Z,DERIVED,sleep_session_v1,2026-01-08T16:26:19Z,2026-01-08T16:26:19Z
5902631156656540520,STAGES,236,0,0,200,35,0,0,-07:00,2026-03-20T07:14:00Z,-07:00,2026-03-20T11:10:00Z,DERIVED,sleep_session_v2,2026-03-20T11:29:04Z,2026-03-20T15:16:41Z
5907142800439144744,STAGES,111,0,0,79,32,0,0,-07:00,2026-05-25T20:26:00Z,-07:00,2026-05-25T22:17:00Z,DERIVED,sleep_session_v2,2026-05-25T21:03:47Z,2026-05-25T22:19:20Z
5923432950803229896,STAGES,493,0,0,370,122,0,0,-07:00,2026-04-12T08:24:00Z,-07:00,2026-04-12T16:37:00Z,DERIVED,sleep_session_v2,2026-04-12T10:29:44Z,2026-04-12T20:48:37Z
5936319926155313536,STAGES,26,0,0,7,18,0,0,-07:00,2026-06-07T21:11:00Z,-07:00,2026-06-07T21:37:00Z,DERIVED,sleep_session_v2,2026-06-07T21:33:45Z,2026-06-07T21:48:16Z
5961331659346376240,STAGES,511,0,0,419,92,0,0,-07:00,2026-05-28T06:45:30Z,-07:00,2026-05-28T15:16:30Z,DERIVED,sleep_session_v1,2026-05-28T15:21:39Z,2026-05-28T15:21:40Z
5966855908728170272,STAGES,371,0,0,309,62,0,0,-07:00,2026-05-25T07:00:00Z,-07:00,2026-05-25T13:11:30Z,DERIVED,sleep_session_v1,2026-05-25T13:13:28Z,2026-05-25T13:13:29Z
5993449346352724880,STAGES,463,0,0,403,60,0,0,-07:00,2026-06-16T07:34:00Z,-07:00,2026-06-16T15:17:00Z,DERIVED,sleep_session_v2,2026-06-16T08:17:53Z,2026-06-16T15:18:51Z
6000745395070551072,STAGES,537,0,0,458,78,0,0,-07:00,2026-06-29T09:02:30Z,-07:00,2026-06-29T17:59:30Z,DERIVED,sleep_session_v1,2026-06-29T18:05:09Z,2026-06-29T18:05:10Z
6003542563457639752,CLASSIC,27,0,0,27,0,0,0,-07:00,2026-05-19T23:10:00Z,-07:00,2026-05-19T23:37:00Z,DERIVED,sleep_session_v2,2026-05-20T03:30:53Z,2026-05-20T04:25:03Z
6005351710253200064,STAGES,436,1,0,384,52,0,0,-07:00,2026-03-19T07:54:00Z,-07:00,2026-03-19T15:10:00Z,DERIVED,sleep_session_v2,2026-03-19T08:18:15Z,2026-03-19T19:17:39Z
6050265263065247416,STAGES,66,0,0,41,24,0,0,-07:00,2026-06-25T20:51:00Z,-07:00,2026-06-25T21:57:00Z,DERIVED,sleep_session_v2,2026-06-25T21:28:39Z,2026-06-25T22:02:54Z
6052048248433621368,STAGES,419,0,0,369,50,0,0,-07:00,2026-03-16T07:08:00Z,-07:00,2026-03-16T14:07:00Z,DERIVED,sleep_session_v2,2026-03-16T08:28:21Z,2026-03-16T18:35:32Z
605835061749304616,STAGES,498,0,0,444,54,0,0,-07:00,2026-03-31T06:19:00Z,-07:00,2026-03-31T14:37:30Z,DERIVED,sleep_session_v1,2026-03-31T14:38:14Z,2026-03-31T14:38:14Z
6062512962127082216,STAGES,180,0,0,144,36,0,0,-08:00,2026-01-18T14:03:00Z,-08:00,2026-01-18T17:03:30Z,DERIVED,sleep_session_v1,2026-01-18T22:36:12Z,2026-01-18T22:36:13Z
6090235585585426296,STAGES,522,0,0,417,104,0,0,-07:00,2026-06-23T06:45:00Z,-07:00,2026-06-23T15:27:00Z,DERIVED,sleep_session_v2,2026-06-23T07:16:30Z,2026-06-23T15:47:48Z
6117952520700341280,STAGES,467,1,0,383,84,0,0,-04:00,2026-03-21T04:19:00Z,-04:00,2026-03-21T12:06:30Z,DERIVED,sleep_session_v1,2026-03-21T12:09:49Z,2026-03-21T12:09:50Z
6123807139069624488,STAGES,473,0,0,406,67,0,0,-07:00,2026-05-31T07:08:00Z,-07:00,2026-05-31T15:01:30Z,DERIVED,sleep_session_v1,2026-05-31T15:06:24Z,2026-05-31T15:06:25Z
6137195244659219408,STAGES,538,3,0,480,58,0,0,-07:00,2026-04-09T06:24:00Z,-07:00,2026-04-09T15:22:30Z,DERIVED,sleep_session_v1,2026-04-09T15:25:34Z,2026-04-09T15:25:34Z
6161444620462366160,STAGES,434,0,0,391,42,0,0,-07:00,2026-04-16T06:49:30Z,-07:00,2026-04-16T14:03:30Z,DERIVED,sleep_session_v1,2026-04-16T14:06:08Z,2026-04-16T14:06:09Z
6166991297678385256,CLASSIC,61,4,0,52,9,0,0,-07:00,2026-06-08T21:36:00Z,-07:00,2026-06-08T22:37:30Z,DERIVED,sleep_session_v1,2026-06-08T22:42:07Z,2026-06-08T22:42:07Z
6173861689891970016,STAGES,504,0,0,464,39,0,0,-07:00,2026-06-29T09:28:00Z,-07:00,2026-06-29T17:52:00Z,DERIVED,sleep_session_v2,2026-06-29T10:14:47Z,2026-06-29T18:05:19Z
6174711111916735584,STAGES,442,1,0,397,44,0,0,-07:00,2026-04-06T06:56:00Z,-07:00,2026-04-06T14:18:00Z,DERIVED,sleep_session_v1,2026-04-06T15:47:42Z,2026-04-06T15:47:43Z
6209725710781438904,STAGES,475,0,0,411,64,0,0,-07:00,2026-03-27T07:39:30Z,-07:00,2026-03-27T15:34:30Z,DERIVED,sleep_session_v1,2026-03-27T15:31:06Z,2026-03-27T15:36:43Z
6261307590659271888,STAGES,461,0,0,386,75,0,0,-07:00,2026-06-24T05:57:00Z,-07:00,2026-06-24T13:38:30Z,DERIVED,sleep_session_v1,2026-06-24T13:44:25Z,2026-06-24T13:44:26Z
6289774528760607280,STAGES,339,3,0,299,40,0,0,-07:00,2026-05-02T07:01:00Z,-07:00,2026-05-02T12:40:30Z,DERIVED,sleep_session_v1,2026-05-02T12:44:46Z,2026-05-02T12:44:47Z
6329223171956418392,CLASSIC,146,0,0,139,7,0,0,-07:00,2025-09-27T07:30:00Z,-07:00,2025-09-27T09:56:00Z,DERIVED,sleep_session_v1,2025-09-27T12:07:47Z,2025-09-27T12:07:47Z
6357735384751594552,STAGES,487,0,0,449,38,0,0,-07:00,2026-05-17T07:54:00Z,-07:00,2026-05-17T16:01:00Z,DERIVED,sleep_session_v2,2026-05-17T08:23:14Z,2026-05-17T16:03:37Z
6361977500143158512,STAGES,522,1,0,414,108,0,0,-08:00,2026-02-24T08:30:00Z,-08:00,2026-02-24T17:12:30Z,DERIVED,sleep_session_v1,2026-02-24T15:28:35Z,2026-02-24T17:49:50Z
6369661984177384184,STAGES,603,0,0,493,109,0,0,-07:00,2026-06-17T06:22:30Z,-07:00,2026-06-17T16:25:30Z,DERIVED,sleep_session_v1,2026-06-17T11:41:38Z,2026-06-17T16:29:33Z
6402724383185462272,STAGES,595,9,0,466,129,0,0,-07:00,2026-03-28T06:08:00Z,-07:00,2026-03-28T16:03:30Z,DERIVED,sleep_session_v1,2026-03-28T14:25:18Z,2026-03-28T16:07:09Z
6424893451816870680,STAGES,48,0,0,43,5,0,0,-07:00,2026-05-31T22:11:00Z,-07:00,2026-05-31T22:59:00Z,DERIVED,sleep_session_v2,2026-05-31T22:40:12Z,2026-05-31T23:22:13Z
6438044820987279032,STAGES,518,3,0,473,45,0,0,-07:00,2025-09-28T08:11:00Z,-07:00,2025-09-28T16:49:30Z,DERIVED,sleep_session_v1,2025-09-28T16:52:40Z,2025-09-28T16:52:41Z
6479234551213711720,STAGES,348,0,0,304,44,0,0,+08:00,2026-01-19T16:53:00Z,+08:00,2026-01-19T22:41:30Z,DERIVED,sleep_session_v1,2026-01-19T22:46:35Z,2026-01-19T22:46:36Z
6506353283158096648,STAGES,398,0,0,349,48,0,0,-08:00,2026-01-16T09:35:30Z,-08:00,2026-01-16T16:13:30Z,DERIVED,sleep_session_v1,2026-01-16T16:16:47Z,2026-01-16T16:16:48Z
6573637682962979736,STAGES,481,0,0,422,58,0,0,-07:00,2026-04-30T07:13:00Z,-07:00,2026-04-30T15:14:00Z,DERIVED,sleep_session_v2,2026-04-30T07:50:19Z,2026-05-05T12:23:21Z
6607715272897677104,STAGES,501,0,0,404,97,0,0,-07:00,2026-03-11T07:17:00Z,-07:00,2026-03-11T15:38:30Z,DERIVED,sleep_session_v1,2026-03-11T12:53:24Z,2026-03-11T15:43:05Z
660892211232775208,STAGES,507,0,0,425,82,0,0,-07:00,2026-05-15T06:51:00Z,-07:00,2026-05-15T15:18:30Z,DERIVED,sleep_session_v1,2026-05-15T13:33:45Z,2026-05-15T15:37:38Z
6614423012064302896,CLASSIC,67,0,0,67,0,0,0,-07:00,2026-05-28T20:21:30Z,-07:00,2026-05-28T21:28:30Z,DERIVED,sleep_session_v1,2026-05-28T21:32:40Z,2026-05-28T21:32:40Z
6617007526425583704,STAGES,524,0,0,426,98,0,0,-07:00,2026-04-15T07:10:00Z,-07:00,2026-04-15T15:54:30Z,DERIVED,sleep_session_v1,2026-04-15T15:55:45Z,2026-04-15T15:55:46Z
6626533363840401928,STAGES,473,0,0,421,52,0,0,-07:00,2026-05-27T06:44:00Z,-07:00,2026-05-27T14:37:00Z,DERIVED,sleep_session_v2,2026-05-27T07:27:58Z,2026-05-27T14:55:49Z
6626636127795930920,STAGES,513,0,0,403,110,0,0,-07:00,2026-06-18T07:06:30Z,-07:00,2026-06-18T15:39:30Z,DERIVED,sleep_session_v1,2026-06-18T15:47:38Z,2026-06-18T15:47:42Z
6636555202347212248,STAGES,451,0,0,400,51,0,0,-07:00,2026-06-02T07:45:00Z,-07:00,2026-06-02T15:16:30Z,DERIVED,sleep_session_v1,2026-06-02T15:23:39Z,2026-06-02T15:23:39Z
669540023269493912,STAGES,491,0,0,443,47,0,0,-07:00,2026-05-17T07:49:30Z,-07:00,2026-05-17T16:00:30Z,DERIVED,sleep_session_v1,2026-05-17T16:03:29Z,2026-05-17T16:03:29Z
6696252437247210544,STAGES,466,0,0,416,49,0,0,-07:00,2026-06-14T06:36:00Z,-07:00,2026-06-14T14:22:00Z,DERIVED,sleep_session_v2,2026-06-14T07:12:20Z,2026-06-14T14:24:08Z
6720882554735381720,STAGES,509,0,0,417,92,0,0,-07:00,2026-05-12T06:35:00Z,-07:00,2026-05-12T15:04:30Z,DERIVED,sleep_session_v1,2026-05-12T15:08:17Z,2026-05-12T15:08:17Z
6774319379513947912,STAGES,449,0,0,389,60,0,0,-08:00,2026-02-15T09:51:30Z,-08:00,2026-02-15T17:20:30Z,DERIVED,sleep_session_v1,2026-02-15T17:23:03Z,2026-02-15T17:23:03Z
6826394348077116640,STAGES,490,0,0,438,51,0,0,-07:00,2026-03-29T07:46:00Z,-07:00,2026-03-29T15:56:00Z,DERIVED,sleep_session_v2,2026-03-29T08:13:46Z,2026-03-29T20:04:59Z
6837230368878324392,STAGES,426,0,0,324,102,0,0,+08:00,2026-01-25T16:31:00Z,+08:00,2026-01-25T23:37:30Z,DERIVED,sleep_session_v1,2026-01-25T23:38:17Z,2026-01-25T23:38:18Z
6883523371117654288,STAGES,251,0,0,190,61,0,0,-07:00,2026-06-26T06:48:00Z,-07:00,2026-06-26T10:59:00Z,DERIVED,sleep_session_v2,2026-06-26T07:32:38Z,2026-06-26T11:06:18Z
6942502192106223864,STAGES,511,0,0,447,64,0,0,-07:00,2026-06-08T06:55:00Z,-07:00,2026-06-08T15:26:30Z,DERIVED,sleep_session_v1,2026-06-08T15:31:09Z,2026-06-08T15:31:10Z
6947831718494291648,STAGES,26,0,0,17,9,0,0,-07:00,2026-06-13T23:39:00Z,-07:00,2026-06-14T00:05:00Z,DERIVED,sleep_session_v2,2026-06-14T03:45:19Z,2026-06-14T03:45:26Z
6948794081985622608,CLASSIC,97,0,0,97,0,0,0,-07:00,2026-04-06T01:31:00Z,-07:00,2026-04-06T03:08:00Z,DERIVED,sleep_session_v2,2026-04-06T05:32:10Z,2026-04-06T07:14:10Z
6983382688315864936,STAGES,436,0,0,382,54,0,0,-07:00,2026-06-28T07:19:00Z,-07:00,2026-06-28T14:35:30Z,DERIVED,sleep_session_v1,2026-06-28T11:08:09Z,2026-06-28T14:39:55Z
7017553852718572080,STAGES,477,0,0,387,90,0,0,-07:00,2026-05-06T07:11:00Z,-07:00,2026-05-06T15:08:30Z,DERIVED,sleep_session_v1,2026-05-06T15:11:35Z,2026-05-06T15:11:36Z
7031476231884993640,STAGES,463,0,0,377,85,0,0,-07:00,2026-06-19T07:02:00Z,-07:00,2026-06-19T14:45:00Z,DERIVED,sleep_session_v1,2026-06-19T14:51:45Z,2026-06-19T14:51:46Z
7071606777527408792,STAGES,517,0,0,449,68,0,0,-07:00,2026-07-05T08:02:30Z,-07:00,2026-07-05T16:39:30Z,DERIVED,sleep_session_v1,2026-07-05T16:45:28Z,2026-07-05T16:45:29Z
7100848089636442384,STAGES,126,0,0,37,88,0,0,-07:00,2026-07-04T21:31:00Z,-07:00,2026-07-04T23:37:00Z,DERIVED,sleep_session_v2,2026-07-04T22:20:24Z,2026-07-04T23:52:47Z
7137063477173234352,STAGES,311,0,0,263,48,0,0,-07:00,2026-05-08T07:35:30Z,-07:00,2026-05-08T12:46:30Z,DERIVED,sleep_session_v1,2026-05-08T12:47:31Z,2026-05-08T12:47:32Z
7201673226597585528,STAGES,46,0,0,32,13,0,0,-07:00,2026-05-23T21:54:00Z,-07:00,2026-05-23T22:40:00Z,DERIVED,sleep_session_v2,2026-05-23T22:13:06Z,2026-05-23T23:01:50Z
7256048433936140392,STAGES,530,0,0,463,66,0,0,-07:00,2026-05-14T07:15:30Z,-07:00,2026-05-14T16:05:30Z,DERIVED,sleep_session_v1,2026-05-14T16:06:24Z,2026-05-14T16:06:24Z
7281915847007816600,CLASSIC,66,0,0,63,3,0,0,-07:00,2026-06-25T20:51:00Z,-07:00,2026-06-25T21:57:30Z,DERIVED,sleep_session_v1,2026-06-25T22:02:47Z,2026-06-25T22:02:47Z
7306514443513469416,STAGES,539,0,0,485,53,0,0,-07:00,2026-05-14T07:14:00Z,-07:00,2026-05-14T16:13:00Z,DERIVED,sleep_session_v2,2026-05-14T07:52:43Z,2026-05-14T16:20:47Z
7311800652489846032,STAGES,472,0,0,445,26,0,0,-07:00,2026-04-02T06:36:00Z,-07:00,2026-04-02T14:28:00Z,DERIVED,sleep_session_v2,2026-04-02T06:55:53Z,2026-04-02T18:46:17Z
731583312852533320,STAGES,568,0,0,489,78,0,0,-07:00,2026-04-10T05:55:00Z,-07:00,2026-04-10T15:23:00Z,DERIVED,sleep_session_v2,2026-04-10T06:21:15Z,2026-04-10T19:31:54Z
7323927665503921576,STAGES,479,0,0,394,85,0,0,-07:00,2026-06-25T07:25:30Z,-07:00,2026-06-25T15:24:30Z,DERIVED,sleep_session_v1,2026-06-25T15:31:37Z,2026-06-25T15:31:37Z
7395878436572678688,STAGES,452,0,0,376,76,0,0,-07:00,2026-05-01T08:35:30Z,-07:00,2026-05-01T16:07:30Z,DERIVED,sleep_session_v1,2026-05-01T16:09:50Z,2026-05-01T16:09:51Z
7412258623976553608,STAGES,496,0,0,388,108,0,0,-07:00,2026-04-12T08:20:30Z,-07:00,2026-04-12T16:36:30Z,DERIVED,sleep_session_v1,2026-04-12T16:38:23Z,2026-04-12T16:38:24Z
7413453874171031640,STAGES,540,0,0,442,98,0,0,-07:00,2026-06-08T06:49:00Z,-07:00,2026-06-08T15:49:00Z,DERIVED,sleep_session_v2,2026-06-08T07:34:17Z,2026-06-08T16:01:55Z
7447838004384564032,STAGES,390,0,0,346,43,0,0,-08:00,2026-02-01T08:48:00Z,-08:00,2026-02-01T15:18:00Z,DERIVED,sleep_session_v1,2026-02-01T15:25:08Z,2026-02-01T15:25:09Z
7484961053100551480,STAGES,510,0,0,426,83,0,0,-06:00,2026-04-28T06:40:00Z,-06:00,2026-04-28T15:10:00Z,DERIVED,sleep_session_v2,2026-04-28T07:07:22Z,2026-05-05T12:23:21Z
7522855585766744296,STAGES,25,0,0,9,15,0,0,-04:00,2026-03-20T21:20:00Z,-04:00,2026-03-20T21:45:00Z,DERIVED,sleep_session_v2,2026-03-21T01:24:11Z,2026-03-21T01:54:23Z
7539726459804480584,STAGES,455,0,0,421,34,0,0,-07:00,2026-05-09T08:39:00Z,-07:00,2026-05-09T16:14:00Z,DERIVED,sleep_session_v2,2026-05-09T09:05:36Z,2026-05-09T16:40:22Z
7542182314535877000,STAGES,461,0,0,386,74,0,0,-07:00,2026-06-16T07:35:30Z,-07:00,2026-06-16T15:16:30Z,DERIVED,sleep_session_v1,2026-06-16T15:18:41Z,2026-06-16T15:18:43Z
754732639739441448,STAGES,43,0,0,37,5,0,0,-07:00,2026-07-01T21:21:00Z,-07:00,2026-07-01T22:04:00Z,DERIVED,sleep_session_v2,2026-07-01T21:55:44Z,2026-07-01T22:09:37Z
7561659228024308624,STAGES,446,0,0,411,34,0,0,-07:00,2026-06-02T07:46:00Z,-07:00,2026-06-02T15:12:00Z,DERIVED,sleep_session_v2,2026-06-02T08:17:12Z,2026-06-02T15:23:49Z
7576201171676114008,STAGES,409,0,0,356,53,0,0,-08:00,2026-01-14T08:36:00Z,-08:00,2026-01-14T15:25:30Z,DERIVED,sleep_session_v1,2026-01-14T15:26:27Z,2026-01-14T15:26:27Z
7585370477170836264,STAGES,181,0,0,150,31,0,0,-07:00,2026-05-08T14:08:00Z,-07:00,2026-05-08T17:09:30Z,DERIVED,sleep_session_v1,2026-05-08T17:12:33Z,2026-05-08T17:12:33Z
7628620318746696480,STAGES,381,0,0,326,55,0,0,-08:00,2026-02-11T09:25:30Z,-08:00,2026-02-11T15:46:30Z,DERIVED,sleep_session_v1,2026-02-11T15:51:36Z,2026-02-11T15:51:36Z
7655316772749092280,STAGES,443,0,0,384,59,0,0,-07:00,2026-03-19T07:53:30Z,-07:00,2026-03-19T15:16:30Z,DERIVED,sleep_session_v1,2026-03-19T15:17:56Z,2026-03-19T15:17:56Z
7716464015988598656,STAGES,493,0,0,422,71,0,0,-06:00,2026-04-26T05:45:00Z,-06:00,2026-04-26T13:58:30Z,DERIVED,sleep_session_v1,2026-04-26T14:08:36Z,2026-04-26T14:08:36Z
7737017216449385568,STAGES,463,0,0,403,60,0,0,-07:00,2026-04-17T07:24:00Z,-07:00,2026-04-17T15:07:30Z,DERIVED,sleep_session_v1,2026-04-17T15:12:49Z,2026-04-17T15:12:49Z
7809737942822841904,CLASSIC,157,0,0,150,7,0,0,-07:00,2026-03-20T08:24:00Z,-07:00,2026-03-20T11:01:30Z,DERIVED,sleep_session_v1,2026-03-20T11:29:03Z,2026-03-20T11:29:04Z
7898906844335691560,STAGES,579,0,0,513,66,0,0,-07:00,2026-07-06T07:01:00Z,-07:00,2026-07-06T16:40:30Z,DERIVED,sleep_session_v1,2026-07-06T14:52:29Z,2026-07-06T16:48:39Z
7928811976708735496,STAGES,24,0,0,19,5,0,0,-07:00,2026-05-29T22:51:00Z,-07:00,2026-05-29T23:15:00Z,DERIVED,sleep_session_v2,2026-05-29T23:20:51Z,2026-05-29T23:24:56Z
796636818698760632,STAGES,84,0,0,42,41,0,0,-07:00,2026-04-19T04:35:00Z,-07:00,2026-04-19T05:59:00Z,DERIVED,sleep_session_v2,2026-04-19T05:13:13Z,2026-04-19T06:13:45Z
7974759754535398168,STAGES,416,0,0,338,78,0,0,-05:00,2026-01-11T05:46:00Z,-05:00,2026-01-11T12:42:30Z,DERIVED,sleep_session_v1,2026-01-11T12:46:32Z,2026-01-11T12:46:32Z
80436806749778496,CLASSIC,78,0,0,78,0,0,0,-07:00,2025-09-26T22:39:30Z,-07:00,2025-09-26T23:58:00Z,DERIVED,sleep_session_v1,2025-09-27T00:32:31Z,2025-09-27T00:32:32Z
8054078154480430376,STAGES,509,0,0,457,51,0,0,-07:00,2026-04-05T06:40:00Z,-07:00,2026-04-05T15:09:00Z,DERIVED,sleep_session_v2,2026-04-05T07:07:45Z,2026-04-05T19:15:45Z
8057289656261495336,STAGES,603,0,0,538,64,0,0,-07:00,2026-05-30T07:18:00Z,-07:00,2026-05-30T17:21:00Z,DERIVED,sleep_session_v1,2026-05-30T17:36:22Z,2026-05-30T17:36:24Z
807094180753977232,STAGES,476,0,0,404,72,0,0,-07:00,2026-04-30T07:04:00Z,-07:00,2026-04-30T15:00:30Z,DERIVED,sleep_session_v1,2026-04-30T15:02:16Z,2026-04-30T15:02:17Z
807671751125545872,STAGES,462,0,0,370,91,0,0,-07:00,2026-06-19T07:04:00Z,-07:00,2026-06-19T14:46:00Z,DERIVED,sleep_session_v2,2026-06-19T07:37:21Z,2026-06-19T14:51:55Z
809536098857691568,STAGES,462,8,0,395,67,0,0,-07:00,2026-05-07T07:48:00Z,-07:00,2026-05-07T15:30:30Z,DERIVED,sleep_session_v1,2026-05-07T15:31:03Z,2026-05-07T15:35:39Z
8117647071997901184,STAGES,504,0,0,421,82,0,0,-08:00,2026-01-04T08:50:30Z,-08:00,2026-01-04T17:14:30Z,DERIVED,sleep_session_v1,2026-01-04T17:17:35Z,2026-01-04T17:17:35Z
8160011657038787920,STAGES,481,0,0,436,44,0,0,-07:00,2026-03-30T06:12:30Z,-07:00,2026-03-30T14:13:30Z,DERIVED,sleep_session_v1,2026-03-30T14:18:20Z,2026-03-30T14:18:21Z
8166130987291610256,STAGES,548,0,0,460,88,0,0,-07:00,2026-05-05T06:46:00Z,-07:00,2026-05-05T15:54:30Z,DERIVED,sleep_session_v1,2026-05-05T13:15:04Z,2026-05-05T15:58:21Z
8182356778194045880,CLASSIC,78,0,0,76,2,0,0,-07:00,2026-05-03T22:47:00Z,-07:00,2026-05-04T00:05:30Z,DERIVED,sleep_session_v1,2026-05-04T00:10:21Z,2026-05-04T00:10:21Z
8185817476549220760,STAGES,48,0,0,35,13,0,0,-07:00,2026-06-14T19:15:00Z,-07:00,2026-06-14T20:03:00Z,DERIVED,sleep_session_v2,2026-06-14T19:49:34Z,2026-06-14T23:01:00Z
8208891052967803232,STAGES,71,0,0,46,24,0,0,-07:00,2026-06-26T13:20:00Z,-07:00,2026-06-26T14:31:00Z,DERIVED,sleep_session_v2,2026-06-26T14:44:41Z,2026-06-26T14:44:49Z
8211075244980420904,STAGES,21,0,0,20,0,0,0,-07:00,2026-04-04T17:45:00Z,-07:00,2026-04-04T18:06:00Z,DERIVED,sleep_session_v2,2026-04-04T18:08:16Z,2026-04-04T22:16:31Z
822560675504002056,CLASSIC,101,0,0,100,1,0,0,-07:00,2026-06-11T20:29:00Z,-07:00,2026-06-11T22:10:30Z,DERIVED,sleep_session_v1,2026-06-11T22:12:40Z,2026-06-11T22:12:40Z
8238937960309419096,STAGES,386,0,0,257,129,0,0,-07:00,2026-06-05T06:11:00Z,-07:00,2026-06-05T12:37:00Z,DERIVED,sleep_session_v2,2026-06-05T06:52:17Z,2026-06-05T13:23:05Z
8247705742906901840,STAGES,471,0,0,425,46,0,0,-08:00,2026-02-14T09:00:00Z,-08:00,2026-02-14T16:51:30Z,DERIVED,sleep_session_v1,2026-02-14T16:55:01Z,2026-02-14T16:55:02Z
8284148712794877616,STAGES,531,0,0,431,100,0,0,-07:00,2026-06-04T06:39:00Z,-07:00,2026-06-04T15:30:30Z,DERIVED,sleep_session_v1,2026-06-04T15:32:39Z,2026-06-04T15:32:40Z
8287234771095942032,CLASSIC,453,0,0,453,0,0,0,-08:00,2026-02-13T08:31:00Z,-08:00,2026-02-13T16:04:34Z,MANUAL,none,2026-02-13T16:31:41Z,2026-03-10T11:53:12Z
8345138297583057960,STAGES,437,0,0,388,49,0,0,-07:00,2026-06-12T06:42:30Z,-07:00,2026-06-12T13:59:30Z,DERIVED,sleep_session_v1,2026-06-12T14:01:41Z,2026-06-12T14:01:42Z
8350761211199088808,STAGES,456,0,0,415,40,0,0,-07:00,2026-07-03T07:20:00Z,-07:00,2026-07-03T14:56:00Z,DERIVED,sleep_session_v2,2026-07-03T07:57:49Z,2026-07-03T15:00:26Z
8414401526681686904,CLASSIC,64,0,0,64,0,0,0,-07:00,2026-04-04T17:21:30Z,-07:00,2026-04-04T18:25:30Z,DERIVED,sleep_session_v1,2026-04-04T18:28:36Z,2026-04-04T18:28:36Z
852293108306910264,STAGES,24,0,0,20,4,0,0,-07:00,2026-05-16T22:15:00Z,-07:00,2026-05-16T22:39:00Z,DERIVED,sleep_session_v2,2026-05-16T22:37:27Z,2026-05-16T22:42:15Z
8567314025152033048,STAGES,408,0,0,345,63,0,0,-07:00,2026-04-13T06:35:00Z,-07:00,2026-04-13T13:23:00Z,DERIVED,sleep_session_v2,2026-04-13T06:59:08Z,2026-04-13T17:25:46Z
859366682829863640,STAGES,504,0,0,435,69,0,0,-07:00,2026-06-09T07:21:00Z,-07:00,2026-06-09T15:45:00Z,DERIVED,sleep_session_v2,2026-06-09T08:40:20Z,2026-06-09T15:58:34Z
8597637388992938288,STAGES,450,2,0,402,47,0,0,-07:00,2026-04-01T07:15:00Z,-07:00,2026-04-01T14:45:00Z,DERIVED,sleep_session_v2,2026-04-01T07:56:18Z,2026-04-01T18:47:31Z
8636768694612471512,STAGES,479,0,0,427,52,0,0,-07:00,2026-03-18T06:50:00Z,-07:00,2026-03-18T14:49:30Z,DERIVED,sleep_session_v1,2026-03-18T14:50:50Z,2026-03-18T14:50:51Z
8666261337705362592,STAGES,440,0,0,392,48,0,0,-04:00,2026-03-21T04:53:00Z,-04:00,2026-03-21T12:13:00Z,DERIVED,sleep_session_v2,2026-03-21T05:56:04Z,2026-03-21T16:11:51Z
8671866772472426640,STAGES,346,0,0,295,51,0,0,-07:00,2026-05-21T07:28:30Z,-07:00,2026-05-21T13:14:30Z,DERIVED,sleep_session_v1,2026-05-21T13:27:07Z,2026-05-21T13:27:08Z
8711464198575614672,STAGES,42,0,0,17,24,0,0,-07:00,2026-05-04T21:31:00Z,-07:00,2026-05-04T22:13:00Z,DERIVED,sleep_session_v2,2026-05-04T21:53:33Z,2026-05-04T22:28:50Z
8755299633150559648,STAGES,44,0,0,34,9,0,0,-07:00,2026-05-20T23:18:00Z,-07:00,2026-05-21T00:02:00Z,DERIVED,sleep_session_v2,2026-05-20T23:45:42Z,2026-05-21T00:04:22Z
8760830951313674744,STAGES,539,0,0,472,66,0,0,-06:00,2026-04-26T04:55:00Z,-06:00,2026-04-26T13:54:00Z,DERIVED,sleep_session_v2,2026-04-26T05:59:46Z,2026-04-26T14:08:42Z
8797047973057218112,STAGES,415,0,0,353,62,0,0,-08:00,2026-02-23T08:13:30Z,-08:00,2026-02-23T15:08:30Z,DERIVED,sleep_session_v1,2026-02-23T15:09:41Z,2026-02-23T15:09:41Z
881527080198286120,STAGES,643,0,0,504,139,0,0,-07:00,2026-05-04T05:35:00Z,-07:00,2026-05-04T16:18:00Z,DERIVED,sleep_session_v2,2026-05-04T06:35:58Z,2026-05-05T12:23:21Z
8831286638408607360,CLASSIC,70,0,0,64,6,0,0,-07:00,2026-05-20T23:11:00Z,-07:00,2026-05-21T00:21:30Z,DERIVED,sleep_session_v1,2026-05-21T00:28:24Z,2026-05-21T00:28:24Z
8890079206903202480,STAGES,667,0,0,464,202,0,0,-07:00,2026-04-23T06:09:30Z,-07:00,2026-04-23T17:16:30Z,DERIVED,sleep_session_v1,2026-04-23T11:13:44Z,2026-04-23T17:22:24Z
8917897137316859040,STAGES,516,0,0,428,87,0,0,-07:00,2026-05-23T07:28:00Z,-07:00,2026-05-23T16:04:00Z,DERIVED,sleep_session_v2,2026-05-23T07:59:55Z,2026-05-23T16:31:26Z
8950511028632319112,CLASSIC,97,0,0,97,0,0,0,-07:00,2026-04-23T20:53:30Z,-07:00,2026-04-23T22:30:30Z,DERIVED,sleep_session_v1,2026-04-23T22:33:06Z,2026-04-23T22:33:07Z
8974986290390610840,STAGES,467,0,0,425,42,0,0,-07:00,2026-06-20T06:41:00Z,-07:00,2026-06-20T14:28:00Z,DERIVED,sleep_session_v2,2026-06-20T07:31:54Z,2026-06-20T14:46:46Z
9039561559072931544,STAGES,521,0,0,464,57,0,0,-07:00,2026-05-10T07:16:00Z,-07:00,2026-05-10T15:57:00Z,DERIVED,sleep_session_v2,2026-05-10T07:38:52Z,2026-05-10T16:13:22Z
9040460634312558816,CLASSIC,60,5,0,55,5,0,0,-07:00,2026-04-15T19:51:00Z,-07:00,2026-04-15T20:51:30Z,DERIVED,sleep_session_v1,2026-04-15T20:54:07Z,2026-04-15T20:54:09Z
904567644261896712,STAGES,506,0,0,424,81,0,0,-07:00,2026-05-12T06:39:00Z,-07:00,2026-05-12T15:05:00Z,DERIVED,sleep_session_v2,2026-05-12T07:15:31Z,2026-05-12T15:08:24Z
9107825708755749904,STAGES,443,0,0,385,57,0,0,-07:00,2026-03-25T07:15:00Z,-07:00,2026-03-25T14:38:00Z,DERIVED,sleep_session_v2,2026-03-25T07:47:44Z,2026-03-25T18:44:37Z
9140868907970029136,STAGES,571,0,0,412,159,0,0,-07:00,2026-05-08T07:39:00Z,-07:00,2026-05-08T17:10:00Z,DERIVED,sleep_session_v2,2026-05-08T08:23:18Z,2026-05-08T17:12:43Z
9143333639082465216,STAGES,466,0,0,393,73,0,0,-07:00,2026-05-01T08:32:00Z,-07:00,2026-05-01T16:18:00Z,DERIVED,sleep_session_v2,2026-05-01T09:02:43Z,2026-05-05T12:23:21Z
9181119557166820768,STAGES,435,0,0,399,36,0,0,-08:00,2026-02-16T08:42:30Z,-08:00,2026-02-16T15:57:30Z,DERIVED,sleep_session_v1,2026-02-16T15:59:30Z,2026-02-16T15:59:30Z
9201100164832717736,STAGES,487,0,0,417,70,0,0,-07:00,2026-05-26T07:12:00Z,-07:00,2026-05-26T15:19:00Z,DERIVED,sleep_session_v2,2026-05-26T07:52:48Z,2026-05-26T15:22:28Z
937831663802837408,STAGES,480,0,0,413,67,0,0,-07:00,2026-06-07T07:26:30Z,-07:00,2026-06-07T15:26:30Z,DERIVED,sleep_session_v1,2026-06-07T15:27:28Z,2026-06-07T15:27:29Z
955125906414193520,STAGES,78,0,0,68,10,0,0,-07:00,2026-05-03T22:48:00Z,-07:00,2026-05-04T00:06:00Z,DERIVED,sleep_session_v2,2026-05-03T23:15:44Z,2026-05-05T12:23:21Z
984527752694893992,STAGES,581,0,0,510,70,0,0,-07:00,2026-06-27T06:13:30Z,-07:00,2026-06-27T15:54:30Z,DERIVED,sleep_session_v1,2026-06-27T15:56:49Z,2026-06-27T15:56:50Z
988094440662752640,STAGES,475,0,0,424,51,0,0,-07:00,2026-03-29T07:46:00Z,-07:00,2026-03-29T15:41:30Z,DERIVED,sleep_session_v1,2026-03-29T15:44:29Z,2026-03-29T15:44:30Z
988596147056313856,STAGES,101,0,0,85,15,0,0,-07:00,2026-05-11T20:31:00Z,-07:00,2026-05-11T22:12:00Z,DERIVED,sleep_session_v2,2026-05-11T20:57:14Z,2026-05-11T22:14:20Z
